<?xml version="1.0" encoding="UTF-8"?>
<analysisEngineDescription xmlns="http://uima.apache.org/resourceSpecifier">
  <frameworkImplementation>org.apache.uima.java</frameworkImplementation>
  <primitive>true</primitive>
  <annotatorImplementationName>org.ohnlp.medkat.opennlp.annotators.POSTaggerAnnotator</annotatorImplementationName>
  <analysisEngineMetaData>
    <name>OpenNLPPOSTagger</name>
    <description>Assigns part of speech tags to tokens using the OpenNLP MaxEnt part of speech tagger.  Requires that sentence and token annotations have been created in the CAS.  Updates the POS field of each token annotation with the part of speech tag.</description>
    <version>1.0</version>
    <vendor>The Apache Software Foundation</vendor>
    <configurationParameters>
      <configurationParameter>
        <name>ModelFile</name>
        <description>Filename of a model file</description>
        <type>String</type>
        <multiValued>false</multiValued>
        <mandatory>true</mandatory>
      </configurationParameter>
      <configurationParameter>
        <name>TokenType</name>
        <description>A type of annotations representing tokens</description>
        <type>String</type>
        <multiValued>false</multiValued>
        <mandatory>true</mandatory>
      </configurationParameter>
      <configurationParameter>
        <name>SentenceType</name>
        <type>String</type>
        <multiValued>false</multiValued>
        <mandatory>true</mandatory>
      </configurationParameter>
      <configurationParameter>
        <name>POSFeature</name>
        <description>A name of a feature in annotation representing tokens that stores POS information</description>
        <type>String</type>
        <multiValued>false</multiValued>
        <mandatory>true</mandatory>
      </configurationParameter>
    </configurationParameters>
    <configurationParameterSettings>
      <nameValuePair>
        <name>ModelFile</name>
        <value>      
        <!--Changed by Jo to build the executable jar with absolute paths - BEGIN -->   
          <!--<string>../OpenNLP/models/english/parser/tag.bin.gz</string>-->         
          <string>/opt/nlp/OpenNLP/models/english/parser/tag.bin.gz</string>
       <!--Changed by Jo to build the executable jar with absolute paths - END -->   
        </value>
      </nameValuePair>
      <nameValuePair>
        <name>TokenType</name>
        <value>
          <string>uima.tt.TokenAnnotation</string>
        </value>
      </nameValuePair>
      <nameValuePair>
        <name>SentenceType</name>
        <value>
          <string>uima.tt.SentenceAnnotation</string>
        </value>
      </nameValuePair>
      <nameValuePair>
        <name>POSFeature</name>
        <value>
          <string>pennTag</string>
        </value>
      </nameValuePair>
    </configurationParameterSettings>
    <typeSystemDescription>
      <imports>
      <!--Changed by Jo to build the executable jar with absolute paths - BEGIN --> 
        <!--<import location="../../type_system/NLPTypes.xml"/>-->
        <import location="/opt/nlp/MedKAT_NLP/descriptors/type_system/NLPTypes.xml"/>
      <!--Changed by Jo to build the executable jar with absolute paths - END -->   
      </imports>
    </typeSystemDescription>
    <capabilities>
      <capability>
        <inputs>
          <type>uima.tt.TokenAnnotation</type>
          <type allAnnotatorFeatures="true">uima.tt.SentenceAnnotation</type>
        </inputs>
        <outputs>
          <type>uima.tt.TokenAnnotation</type>
          <feature>uima.tt.TokenAnnotation:pennTag</feature>
        </outputs>
        <languagesSupported/>
      </capability>
    </capabilities>
    <operationalProperties>
      <modifiesCas>true</modifiesCas>
      <multipleDeploymentAllowed>true</multipleDeploymentAllowed>
      <outputsNewCASes>false</outputsNewCASes>
    </operationalProperties>
  </analysisEngineMetaData>
  <resourceManagerConfiguration/>
</analysisEngineDescription>