<?xml version="1.0" encoding="UTF-8"?>
<analysisEngineDescription xmlns="http://uima.apache.org/resourceSpecifier">
  <frameworkImplementation>org.apache.uima.java</frameworkImplementation>
  <primitive>true</primitive>
  <annotatorImplementationName>org.ohnlp.medkat.opennlp.annotators.SentenceDetectorAnnotator</annotatorImplementationName>
  <analysisEngineMetaData>
    <name>OpenNLPSentenceDetector</name>
    <description>Detect sentence boundaries and create sentence annotations that span these boundaries.  Uses the OpenNLP MaxEnt Sentence Detector.</description>
    <version>1.0</version>
    <vendor>The Apache Software Foundation</vendor>
    <configurationParameters>
      <configurationParameter>
        <name>ModelFile</name>
        <description>Filename of the model file.</description>
        <type>String</type>
        <multiValued>false</multiValued>
        <mandatory>true</mandatory>
      </configurationParameter>
      <configurationParameter>
        <name>SentenceType</name>
        <description>Type of annotations that are to be created at the sentence boundaries</description>
        <type>String</type>
        <multiValued>false</multiValued>
        <mandatory>true</mandatory>
      </configurationParameter>
    </configurationParameters>
    <configurationParameterSettings>
      <nameValuePair>
        <name>ModelFile</name>
        <value>
        <!-- Changed by Jo to build an executable jar with absolute paths - BEGIN-->          
          <!--<string>../OpenNLP/models/english/sentdetect/EnglishSD.bin.gz</string>-->
          <string>/opt/nlp/OpenNLP/models/english/sentdetect/EnglishSD.bin.gz</string>
        <!-- Changed by Jo to build an executable jar with absolute paths - END-->            
        </value>
      </nameValuePair>
      <nameValuePair>
        <name>SentenceType</name>
        <value>
          <string>uima.tt.SentenceAnnotation</string>
        </value>
      </nameValuePair>
    </configurationParameterSettings>
    <typeSystemDescription/>
    <capabilities>
      <capability>
        <inputs/>
        <outputs>
          <type allAnnotatorFeatures="true">uima.tt.SentenceAnnotation</type>
        </outputs>
        <languagesSupported/>
      </capability>
    </capabilities>
    <operationalProperties>
      <modifiesCas>true</modifiesCas>
      <multipleDeploymentAllowed>true</multipleDeploymentAllowed>
      <outputsNewCASes>false</outputsNewCASes>
    </operationalProperties>
  </analysisEngineMetaData>
  <resourceManagerConfiguration/>
</analysisEngineDescription>