<?xml version="1.0" encoding="UTF-8"?>
<analysisEngineDescription xmlns="http://uima.apache.org/resourceSpecifier">
  <frameworkImplementation>org.apache.uima.java</frameworkImplementation>
  <primitive>true</primitive>
  <annotatorImplementationName>org.ohnlp.medkat.opennlp.annotators.TokenizerAnnotator</annotatorImplementationName>
  <analysisEngineMetaData>
    <name>OpenNLPTokenizer</name>
    <description>Tokenize the text and create token annotations that span the tokens.  The tokenization is performed using the  OpenNLP MaxEnt tokenizer, which tokenizes according to the  Penn Tree Bank tokenization standard.  In general, tokens are separated by white space, but punctuation marks (e.g., ".", ",", "!", "?", etc.) and apostrophed endings (e.g., "'s", "'nt", etc.) are separate tokens.</description>
    <version>1.0</version>
    <vendor>The Apache Software Foundation</vendor>
    <configurationParameters>
      <configurationParameter>
        <name>ModelFile</name>
        <description>OpenNLP MaxEnt model file for the tokenizer.</description>
        <type>String</type>
        <multiValued>false</multiValued>
        <mandatory>true</mandatory>
      </configurationParameter>
      <configurationParameter>
        <name>TokenType</name>
        <description>Type of annotations that are to be created at the token boundaries</description>
        <type>String</type>
        <multiValued>false</multiValued>
        <mandatory>true</mandatory>
      </configurationParameter>
      <configurationParameter>
        <name>SentenceType</name>
        <type>String</type>
        <multiValued>false</multiValued>
        <mandatory>true</mandatory>
      </configurationParameter>
    </configurationParameters>
    <configurationParameterSettings>
      <nameValuePair>
        <name>ModelFile</name>
        <value>  
          <!-- Changed by Jo to build an executable jar with absolute paths - BEGIN -->        
          <!--<string>../OpenNLP/models/english/tokenize/EnglishTok.bin.gz</string>-->
          <string>/opt/nlp/OpenNLP/models/english/tokenize/EnglishTok.bin.gz</string>
          <!-- Changed by Jo to build an executable jar with absolute paths - END -->          
        </value>
      </nameValuePair>
      <nameValuePair>
        <name>TokenType</name>
        <value>
          <string>uima.tt.TokenAnnotation</string>
        </value>
      </nameValuePair>
      <nameValuePair>
        <name>SentenceType</name>
        <value>
          <string>uima.tt.SentenceAnnotation</string>
        </value>
      </nameValuePair>
    </configurationParameterSettings>
    <typeSystemDescription/>
    <capabilities>
      <capability>
        <inputs>
          <type allAnnotatorFeatures="true">uima.tt.SentenceAnnotation</type>
        </inputs>
        <outputs>
          <type allAnnotatorFeatures="true">uima.tt.TokenAnnotation</type>
        </outputs>
        <languagesSupported/>
      </capability>
    </capabilities>
    <operationalProperties>
      <modifiesCas>true</modifiesCas>
      <multipleDeploymentAllowed>true</multipleDeploymentAllowed>
      <outputsNewCASes>false</outputsNewCASes>
    </operationalProperties>
  </analysisEngineMetaData>
  <resourceManagerConfiguration/>
</analysisEngineDescription>
