<?xml version="1.0" encoding="UTF-8"?>
<analysisEngineDescription xmlns="http://uima.apache.org/resourceSpecifier">
  <frameworkImplementation>org.apache.uima.java</frameworkImplementation>
  <primitive>false</primitive>
  <delegateAnalysisEngineSpecifiers>
    <delegateAnalysisEngine key="MedKATTokenizer">
      <!--changed by Jo to build an executable jar with absolute paths - BEGIN-->
      <!--<import location="../../../../MedKAT_NLP/descriptors/analysis_engine/primitive/MedKATTokenizer.xml"/>-->
      <import location="/opt/nlp/MedKAT_NLP/descriptors/analysis_engine/primitive/MedKATTokenizer.xml"/>
    </delegateAnalysisEngine>
    <delegateAnalysisEngine key="DictionarySentenceCreator">
      <!--<import location="../primitive/DictionarySentenceCreator.xml"/>-->
      <import location="/opt/nlp/MedKATp/descriptors/analysis_engine/primitive/DictionarySentenceCreator.xml"/>
      <!--Changed by Jo to build an executable jar with absolute paths - END-->
    </delegateAnalysisEngine>
  </delegateAnalysisEngineSpecifiers>
  <analysisEngineMetaData>
    <name>DictionaryTokenizer</name>
    <description/>
    <version>1.0</version>
    <vendor/>
    <configurationParameters/>
    <configurationParameterSettings/>
    <flowConstraints>
      <fixedFlow>
        <node>DictionarySentenceCreator</node>
        <node>MedKATTokenizer</node>
      </fixedFlow>
    </flowConstraints>
    <fsIndexCollection/>
    <capabilities>
      <capability>
        <inputs/>
        <outputs>
          <type allAnnotatorFeatures="true">uima.tt.TokenAnnotation</type>
          <type allAnnotatorFeatures="true">uima.tt.SentenceAnnotation</type>
        </outputs>
        <languagesSupported/>
      </capability>
    </capabilities>
    <operationalProperties>
      <modifiesCas>true</modifiesCas>
      <multipleDeploymentAllowed>true</multipleDeploymentAllowed>
      <outputsNewCASes>false</outputsNewCASes>
    </operationalProperties>
  </analysisEngineMetaData>
  <resourceManagerConfiguration/>
</analysisEngineDescription>