<?xml version="1.0" encoding="UTF-8"?>
<taeDescription xmlns="http://uima.apache.org/resourceSpecifier">
<frameworkImplementation>org.apache.uima.java</frameworkImplementation>
<primitive>false</primitive>
<delegateAnalysisEngineSpecifiers>
<delegateAnalysisEngine key="DuplicateTermFilter">
<!--Changed by Jo to build an executable jar with absolute paths - BEGIN-->
<!--<import location="../primitive/DuplicateTermFilter.xml"/>-->
<import location="/opt/nlp/MedKATp/descriptors/analysis_engine/primitive/DuplicateTermFilter.xml"/>
</delegateAnalysisEngine>
<delegateAnalysisEngine key="IgnoredTermFilter">
<!--<import location="../primitive/IgnoredTermFilter.xml"/>-->
<import location="/opt/nlp/MedKATp/descriptors/analysis_engine/primitive/IgnoredTermFilter.xml"/>
</delegateAnalysisEngine>
<delegateAnalysisEngine key="SubsumptionFilter">
<!--<import location="../primitive/SubsumptionFilter.xml"/>-->
<import location="/opt/nlp/MedKATp/descriptors/analysis_engine/primitive/SubsumptionFilter.xml"/>
</delegateAnalysisEngine>
<delegateAnalysisEngine key="CommaAndDisallowedFilter">
<!--<import location="../primitive/CommaAndDisallowedFilter.xml"/>-->
<import location="/opt/nlp/MedKATp/descriptors/analysis_engine/primitive/CommaAndDisallowedFilter.xml"/>
</delegateAnalysisEngine>
<delegateAnalysisEngine key="ModifierTermFilter">
<!--<import location="../primitive/ModifierTermFilter.xml"/>-->
<import location="/opt/nlp/MedKATp/descriptors/analysis_engine/primitive/ModifierTermFilter.xml"/>
</delegateAnalysisEngine>
<delegateAnalysisEngine key="SimpleSubsumptionFilter">
<!--<import location="../primitive/SimpleSubsumptionFilter.xml"/>-->
<import location="/opt/nlp/MedKATp/descriptors/analysis_engine/primitive/SimpleSubsumptionFilter.xml"/>
<!--Changed by Jo to build an executable jar with absolute paths - END-->
</delegateAnalysisEngine>
</delegateAnalysisEngineSpecifiers>
<analysisEngineMetaData>
<name>DictTermFilter</name>
<configurationParameters/>
<configurationParameterSettings/>
<flowConstraints>
<fixedFlow>
<node>SimpleSubsumptionFilter</node>
<node>ModifierTermFilter</node>
<node>CommaAndDisallowedFilter</node>
<node>IgnoredTermFilter</node>
<node>DuplicateTermFilter</node>
<node>SubsumptionFilter</node>
</fixedFlow>
</flowConstraints>
<fsIndexCollection/>
<capabilities>
<capability>
<inputs/>
<outputs/>
<languagesSupported/>
</capability>
</capabilities>
<operationalProperties>
<modifiesCas>true</modifiesCas>
<multipleDeploymentAllowed>true</multipleDeploymentAllowed>
</operationalProperties>
</analysisEngineMetaData>
</taeDescription>
