<?xml version="1.0" encoding="UTF-8"?>
<taeDescription xmlns="http://uima.apache.org/resourceSpecifier">
  <frameworkImplementation>org.apache.uima.java</frameworkImplementation>
  <primitive>true</primitive>
  <annotatorImplementationName>org.ohnlp.medkat.taes.support.dateFinder.DateFinder</annotatorImplementationName>
  <analysisEngineMetaData>
    <name>dateFinder</name>
    <version>1.0</version>
    <configurationParameters/>
    <configurationParameterSettings/>
    <typeSystemDescription>
      <imports>
        <import name="org.ohnlp.medkat.taes.support.dateFinder.DateAnnotation"/>
        <import name="org.ohnlp.medkat.scr.types.SCRDate"/>
      </imports>
    </typeSystemDescription>
    <capabilities>
      <capability>
        <inputs/>
        <outputs>
          <type allAnnotatorFeatures="true">org.ohnlp.medkat.taes.support.dateFinder.DateAnnotation</type>
          <type allAnnotatorFeatures="true">org.ohnlp.medkat.scr.types.SCRDate</type>
        </outputs>
        <languagesSupported/>
      </capability>
    </capabilities>
    <operationalProperties>
      <modifiesCas>true</modifiesCas>
      <multipleDeploymentAllowed>true</multipleDeploymentAllowed>
    </operationalProperties>
  </analysisEngineMetaData>
</taeDescription>
