<?xml version="1.0" encoding="UTF-8"?>
<analysisEngineDescription xmlns="http://uima.apache.org/resourceSpecifier">
  <frameworkImplementation>org.apache.uima.java</frameworkImplementation>
  <primitive>true</primitive>
  <annotatorImplementationName>org.ohnlp.medkat.taes.conceptMapper.DictionarySentenceCreator</annotatorImplementationName>
  <analysisEngineMetaData>
    <name>DictionarySentenceCreator</name>
    <description>Creates sentence annotations from dictionary entries</description>
    <version>1.0</version>
    <vendor>IBM</vendor>
    <configurationParameters>
      <configurationParameter>
        <name>SentenceType</name>
        <description>type name for sentence annotations</description>
        <type>String</type>
        <multiValued>false</multiValued>
        <mandatory>false</mandatory>
      </configurationParameter>
    </configurationParameters>
    <configurationParameterSettings>
      <nameValuePair>
        <name>SentenceType</name>
        <value>
          <string>uima.tt.SentenceAnnotation</string>
        </value>
      </nameValuePair>
    </configurationParameterSettings>
    <typeSystemDescription>
      <imports>
      <!--Changed by Jo to build an executable jar with absolute paths - BEGIN-->
        <!--<import location="../../../../MedKAT_NLP/descriptors/type_system/NLPTypes.xml"/>-->
        <import location="/opt/nlp/MedKAT_NLP/descriptors/type_system/NLPTypes.xml"/>        
        <!--Changed by Jo to build an executable jar with absolute paths - END-->
      </imports>
    </typeSystemDescription>
    <typePriorities/>
    <fsIndexCollection/>
    <capabilities>
      <capability>
        <inputs/>
        <outputs/>
        <languagesSupported/>
      </capability>
    </capabilities>
    <operationalProperties>
      <modifiesCas>true</modifiesCas>
      <multipleDeploymentAllowed>true</multipleDeploymentAllowed>
      <outputsNewCASes>false</outputsNewCASes>
    </operationalProperties>
  </analysisEngineMetaData>
  <resourceManagerConfiguration/>
</analysisEngineDescription>
