<?xml version="1.0" encoding="UTF-8"?>
<taeDescription xmlns="http://uima.apache.org/resourceSpecifier">
  <frameworkImplementation>org.apache.uima.java</frameworkImplementation>
  <primitive>true</primitive>
  <annotatorImplementationName>org.ohnlp.medkat.taes.docDetector.DocDetector</annotatorImplementationName>
  <analysisEngineMetaData>
    <name>DocDetector</name>
    <description>Finds the string with an MD's name. Assumes it starts a line.</description>
    <version/>
    <vendor>IBM</vendor>
    <configurationParameters>
      <configurationParameter>
        <name>docNames</name>
        <description>Symbols for doc degrees</description>
        <type>String</type>
        <multiValued>true</multiValued>
        <mandatory>false</mandatory>
      </configurationParameter>
    </configurationParameters>
    <configurationParameterSettings>
      <nameValuePair>
        <name>docNames</name>
        <value>
          <array>
            <string>MD</string>
            <string>M.D.</string>
          </array>
        </value>
      </nameValuePair>
    </configurationParameterSettings>
    <typeSystemDescription>
      <imports>
        <import name="org.ohnlp.medkat.taes.docDetector.DocAnnotation"/>
      </imports>
    </typeSystemDescription>
    <capabilities>
      <capability>
        <inputs/>
        <outputs>
          <type allAnnotatorFeatures="true">org.ohnlp.medkat.taes.docDetector.DocAnnotation</type>
        </outputs>
        <languagesSupported/>
      </capability>
    </capabilities>
    <operationalProperties>
      <modifiesCas>true</modifiesCas>
      <multipleDeploymentAllowed>true</multipleDeploymentAllowed>
      <outputsNewCASes>false</outputsNewCASes>
    </operationalProperties>
  </analysisEngineMetaData>
</taeDescription>
