<?xml version="1.0" encoding="UTF-8"?>
<taeDescription xmlns="http://uima.apache.org/resourceSpecifier">
  <frameworkImplementation>org.apache.uima.java</frameworkImplementation>
  <primitive>true</primitive>
  <annotatorImplementationName>org.ohnlp.medkat.taes.dictTermProcessor.DuplicateTermFilter</annotatorImplementationName>
  <analysisEngineMetaData>
    <name>DuplicateTermFilter</name>
    <configurationParameters>
      <configurationParameter>
        <name>EnclosingSpan</name>
        <description>Class of span to process (e.g., sentence, np)</description>
        <type>String</type>
        <multiValued>false</multiValued>
        <mandatory>true</mandatory>
      </configurationParameter>
      <configurationParameter>
        <name>AllowedMarkersMask</name>
        <type>Integer</type>
        <multiValued>false</multiValued>
        <mandatory>false</mandatory>
      </configurationParameter>
      <configurationParameter>
        <name>SemanticClasses</name>
        <type>String</type>
        <multiValued>true</multiValued>
        <mandatory>true</mandatory>
      </configurationParameter>
    </configurationParameters>
    <configurationParameterSettings>
      <nameValuePair>
        <name>EnclosingSpan</name>
        <value>
          <string>uima.tt.SentenceAnnotation</string>
        </value>
      </nameValuePair>
      <nameValuePair>
        <name>AllowedMarkersMask</name>
        <value>
          <integer>257</integer>
        </value>
      </nameValuePair>
      <nameValuePair>
        <name>SemanticClasses</name>
        <value>
          <array>
            <string>Site</string>
            <string>Diagnosis</string>
          </array>
        </value>
      </nameValuePair>
    </configurationParameterSettings>
    <typeSystemDescription>
      <imports>
        <import name="org.ohnlp.medkat.taes.conceptMapper.DictTerm"/>
      </imports>
    </typeSystemDescription>
    <capabilities>
      <capability>
        <inputs/>
        <outputs/>
        <languagesSupported/>
      </capability>
    </capabilities>
    <operationalProperties>
      <modifiesCas>true</modifiesCas>
      <multipleDeploymentAllowed>true</multipleDeploymentAllowed>
      <outputsNewCASes>false</outputsNewCASes>
    </operationalProperties>
  </analysisEngineMetaData>
</taeDescription>
