<?xml version="1.0" encoding="UTF-8"?>
<taeDescription xmlns="http://uima.apache.org/resourceSpecifier">
  <frameworkImplementation>org.apache.uima.java</frameworkImplementation>
  <primitive>true</primitive>
  <annotatorImplementationName>org.ohnlp.medkat.taes.dictTermProcessor.IgnoredTermFilter</annotatorImplementationName>
  <analysisEngineMetaData>
    <name>IgnoredTermFilter</name>
    <configurationParameters>
      <configurationParameter>
        <name>EnclosingSpan</name>
        <description>Class of span to process (e.g., sentence, np)</description>
        <type>String</type>
        <multiValued>false</multiValued>
        <mandatory>true</mandatory>
      </configurationParameter>
      <configurationParameter>
        <name>AllowedMarkersMask</name>
        <type>Integer</type>
        <multiValued>false</multiValued>
        <mandatory>false</mandatory>
      </configurationParameter>
      <configurationParameter>
        <name>IgnoredTermCodes</name>
        <type>String</type>
        <multiValued>true</multiValued>
        <mandatory>true</mandatory>
      </configurationParameter>
      <configurationParameter>
        <name>SemanticClasses</name>
        <type>String</type>
        <multiValued>true</multiValued>
        <mandatory>true</mandatory>
      </configurationParameter>
    </configurationParameters>
    <configurationParameterSettings>
      <nameValuePair>
        <name>EnclosingSpan</name>
        <value>
          <string>uima.tt.SentenceAnnotation</string>
        </value>
      </nameValuePair>
      <nameValuePair>
        <name>AllowedMarkersMask</name>
        <value>
          <integer>257</integer>
        </value>
      </nameValuePair>
      <nameValuePair>
        <name>IgnoredTermCodes</name>
        <value>
          <array>
            <string>m8000/0</string>
            <string>m8001/0</string>
            <string>m8005/0</string>
            <string>m8010/0</string>
            <string>m8011/0</string>
            <string>m8040/0</string>
            <string>m8050/0</string>
            <string>m8051/0</string>
            <string>m8052/0</string>
            <string>m8053/0</string>
            <string>m8060/0</string>
            <string>m8096/0</string>
            <string>m8100/0</string>
            <string>m8101/0</string>
            <string>m8102/0</string>
            <string>m8103/0</string>
            <string>m8110/0</string>
            <string>m8120/0</string>
            <string>m8121/0</string>
            <string>m8130/0</string>
            <string>m8140/0</string>
            <string>m8146/0</string>
            <string>m8147/0</string>
            <string>m8149/0</string>
            <string>m8150/0</string>
            <string>m8151/0</string>
            <string>m8160/0</string>
            <string>m8161/0</string>
            <string>m8170/0</string>
            <string>m8190/0</string>
            <string>m8191/0</string>
            <string>m8200/0</string>
            <string>m8202/0</string>
            <string>m8204/0</string>
            <string>m8210/0</string>
            <string>m8212/0</string>
            <string>m8220/0</string>
            <string>m8221/0</string>
            <string>m8230/0</string>
            <string>m8240/0</string>
            <string>m8250/0</string>
            <string>m8251/0</string>
            <string>m8260/0</string>
            <string>m8261/0</string>
            <string>m8264/0</string>
            <string>m8270/0</string>
            <string>m8271/0</string>
            <string>m8272/0</string>
            <string>m8280/0</string>
            <string>m8281/0</string>
            <string>m8290/0</string>
            <string>m8300/0</string>
            <string>m8310/0</string>
            <string>m8313/0</string>
            <string>m8321/0</string>
            <string>m8322/0</string>
            <string>m8323/0</string>
            <string>m8324/0</string>
            <string>m8325/0</string>
            <string>m8330/0</string>
            <string>m8333/0</string>
            <string>m8334/0</string>
            <string>m8336/0</string>
            <string>m8361/0</string>
            <string>m8370/0</string>
            <string>m8371/0</string>
            <string>m8372/0</string>
            <string>m8373/0</string>
            <string>m8374/0</string>
            <string>m8375/0</string>
            <string>m8380/0</string>
            <string>m8381/0</string>
            <string>m8390/0</string>
            <string>m8391/0</string>
            <string>m8392/0</string>
            <string>m8400/0</string>
            <string>m8401/0</string>
            <string>m8402/0</string>
            <string>m8403/0</string>
            <string>m8404/0</string>
            <string>m8405/0</string>
            <string>m8406/0</string>
            <string>m8407/0</string>
            <string>m8408/0</string>
            <string>m8409/0</string>
            <string>m8410/0</string>
            <string>m8420/0</string>
            <string>m8440/0</string>
            <string>m8441/0</string>
            <string>m8443/0</string>
            <string>m8450/0</string>
            <string>m8453/0</string>
            <string>m8454/0</string>
            <string>m8460/0</string>
            <string>m8461/0</string>
            <string>m8470/0</string>
            <string>m8471/0</string>
            <string>m8480/0</string>
            <string>m8503/0</string>
            <string>m8504/0</string>
            <string>m8505/0</string>
            <string>m8506/0</string>
            <string>m8550/0</string>
            <string>m8560/0</string>
            <string>m8561/0</string>
            <string>m8580/0</string>
            <string>m8587/0</string>
            <string>m8600/0</string>
            <string>m8601/0</string>
            <string>m8602/0</string>
            <string>m8610/0</string>
            <string>m8630/0</string>
            <string>m8631/0</string>
            <string>m8641/0</string>
            <string>m8650/0</string>
            <string>m8660/0</string>
            <string>m8670/0</string>
            <string>m8671/0</string>
            <string>m8680/0</string>
            <string>m8683/0</string>
            <string>m8700/0</string>
            <string>m8711/0</string>
            <string>m8712/0</string>
            <string>m8713/0</string>
            <string>m8720/0</string>
            <string>m8722/0</string>
            <string>m8723/0</string>
            <string>m8725/0</string>
            <string>m8726/0</string>
            <string>m8727/0</string>
            <string>m8728/0</string>
            <string>m8730/0</string>
            <string>m8740/0</string>
            <string>m8750/0</string>
            <string>m8760/0</string>
            <string>m8761/0</string>
            <string>m8770/0</string>
            <string>m8771/0</string>
            <string>m8772/0</string>
            <string>m8780/0</string>
            <string>m8790/0</string>
            <string>m8800/0</string>
            <string>m8810/0</string>
            <string>m8811/0</string>
            <string>m8812/0</string>
            <string>m8813/0</string>
            <string>m8815/0</string>
            <string>m8820/0</string>
            <string>m8823/0</string>
            <string>m8824/0</string>
            <string>m8825/0</string>
            <string>m8826/0</string>
            <string>m8830/0</string>
            <string>m8831/0</string>
            <string>m8832/0</string>
            <string>m8840/0</string>
            <string>m8842/0</string>
            <string>m8850/0</string>
            <string>m8851/0</string>
            <string>m8852/0</string>
            <string>m8854/0</string>
            <string>m8856/0</string>
            <string>m8857/0</string>
            <string>m8860/0</string>
            <string>m8861/0</string>
            <string>m8862/0</string>
            <string>m8870/0</string>
            <string>m8880/0</string>
            <string>m8881/0</string>
            <string>m8890/0</string>
            <string>m8891/0</string>
            <string>m8892/0</string>
            <string>m8893/0</string>
            <string>m8894/0</string>
            <string>m8895/0</string>
            <string>m8900/0</string>
            <string>m8903/0</string>
            <string>m8904/0</string>
            <string>m8905/0</string>
            <string>m8930/0</string>
            <string>m8932/0</string>
            <string>m8935/0</string>
            <string>m8936/0</string>
            <string>m8940/0</string>
            <string>m8959/0</string>
            <string>m8965/0</string>
            <string>m8966/0</string>
            <string>m8967/0</string>
            <string>m8982/0</string>
            <string>m8983/0</string>
            <string>m8990/0</string>
            <string>m9000/0</string>
            <string>m9010/0</string>
            <string>m9011/0</string>
            <string>m9012/0</string>
            <string>m9013/0</string>
            <string>m9014/0</string>
            <string>m9015/0</string>
            <string>m9016/0</string>
            <string>m9020/0</string>
            <string>m9030/0</string>
            <string>m9040/0</string>
            <string>m9050/0</string>
            <string>m9051/0</string>
            <string>m9052/0</string>
            <string>m9053/0</string>
            <string>m9054/0</string>
            <string>m9055/0</string>
            <string>m9080/0</string>
            <string>m9084/0</string>
            <string>m9090/0</string>
            <string>m9100/0</string>
            <string>m9103/0</string>
            <string>m9110/0</string>
            <string>m9120/0</string>
            <string>m9121/0</string>
            <string>m9122/0</string>
            <string>m9123/0</string>
            <string>m9125/0</string>
            <string>m9130/0</string>
            <string>m9131/0</string>
            <string>m9132/0</string>
            <string>m9141/0</string>
            <string>m9142/0</string>
            <string>m9150/0</string>
            <string>m9160/0</string>
            <string>m9170/0</string>
            <string>m9171/0</string>
            <string>m9172/0</string>
            <string>m9173/0</string>
            <string>m9174/0</string>
            <string>m9175/0</string>
            <string>m9180/0</string>
            <string>m9191/0</string>
            <string>m9200/0</string>
            <string>m9210/0</string>
            <string>m9220/0</string>
            <string>m9221/0</string>
            <string>m9230/0</string>
            <string>m9241/0</string>
            <string>m9252/0</string>
            <string>m9262/0</string>
            <string>m9270/0</string>
            <string>m9271/0</string>
            <string>m9272/0</string>
            <string>m9273/0</string>
            <string>m9274/0</string>
            <string>m9275/0</string>
            <string>m9280/0</string>
            <string>m9281/0</string>
            <string>m9282/0</string>
            <string>m9290/0</string>
            <string>m9300/0</string>
            <string>m9301/0</string>
            <string>m9302/0</string>
            <string>m9310/0</string>
            <string>m9311/0</string>
            <string>m9312/0</string>
            <string>m9320/0</string>
            <string>m9321/0</string>
            <string>m9322/0</string>
            <string>m9330/0</string>
            <string>m9340/0</string>
            <string>m9363/0</string>
            <string>m9370/0</string>
            <string>m9373/0</string>
            <string>m9390/0</string>
            <string>m9413/0</string>
            <string>m9490/0</string>
            <string>m9491/0</string>
            <string>m9492/0</string>
            <string>m9493/0</string>
            <string>m9501/0</string>
            <string>m9502/0</string>
            <string>m9507/0</string>
            <string>m9510/0</string>
            <string>m9530/0</string>
            <string>m9531/0</string>
            <string>m9532/0</string>
            <string>m9533/0</string>
            <string>m9534/0</string>
            <string>m9535/0</string>
            <string>m9537/0</string>
            <string>m9540/0</string>
            <string>m9541/0</string>
            <string>m9550/0</string>
            <string>m9560/0</string>
            <string>m9562/0</string>
            <string>m9570/0</string>
            <string>m9571/0</string>
            <string>m9580/0</string>
            <string>m9582/0</string>
          </array>
        </value>
      </nameValuePair>
      <nameValuePair>
        <name>SemanticClasses</name>
        <value>
          <array>
            <string>Site</string>
          </array>
        </value>
      </nameValuePair>
    </configurationParameterSettings>
    <typeSystemDescription>
      <imports>
        <import name="org.ohnlp.medkat.taes.conceptMapper.DictTerm"/>
      </imports>
    </typeSystemDescription>
    <capabilities>
      <capability>
        <inputs/>
        <outputs/>
        <languagesSupported/>
      </capability>
    </capabilities>
    <operationalProperties>
      <modifiesCas>true</modifiesCas>
      <multipleDeploymentAllowed>true</multipleDeploymentAllowed>
      <outputsNewCASes>false</outputsNewCASes>
    </operationalProperties>
  </analysisEngineMetaData>
</taeDescription>
