<?xml version="1.0" encoding="UTF-8"?>
<taeDescription xmlns="http://uima.apache.org/resourceSpecifier">
<frameworkImplementation>org.apache.uima.java</frameworkImplementation>
<primitive>true</primitive>
<annotatorImplementationName>org.ohnlp.medkat.taes.diagnosisTypeDetector.MetastaticDiagnosisDetector</annotatorImplementationName>
<analysisEngineMetaData>
<name>MetastaticDiagnosisDetector</name>
<configurationParameters>
<configurationParameter>
<name>SemanticClassesToApplyNegation</name>
<type>String</type>
<multiValued>true</multiValued>
<mandatory>false</mandatory>
</configurationParameter>
<configurationParameter>
<name>NoTermType</name>
<type>String</type>
<multiValued>false</multiValued>
<mandatory>true</mandatory>
</configurationParameter>
<configurationParameter>
<name>NoTermEnclosingSpanFeature</name>
<type>String</type>
<multiValued>false</multiValued>
<mandatory>true</mandatory>
</configurationParameter>
</configurationParameters>
<configurationParameterSettings>
<nameValuePair>
<name>SemanticClassesToApplyNegation</name>
<value>
<array>
<string>Diagnosis</string>
</array>
</value>
</nameValuePair>
<nameValuePair>
<name>NoTermType</name>
<value>
<string>org.ohnlp.medkat.taes.conceptMapper.OriginTerm</string>
</value>
</nameValuePair>
<nameValuePair>
<name>NoTermEnclosingSpanFeature</name>
<value>
<string>enclosingSpan</string>
</value>
</nameValuePair>
</configurationParameterSettings>
<typeSystemDescription>
<imports>
<import name="org.ohnlp.medkat.taes.conceptMapper.DictTerm"/>
<import name="org.ohnlp.medkat.taes.conceptMapper.OriginTerm"/>
</imports>
</typeSystemDescription>
<typePriorities>
<priorityList>
<type>org.ohnlp.medkat.taes.conceptMapper.OriginTerm</type>
</priorityList>
</typePriorities>
<fsIndexCollection/>
<capabilities>
<capability>
<inputs>
<type allAnnotatorFeatures="true">org.ohnlp.medkat.taes.conceptMapper.OriginTerm</type>
<type allAnnotatorFeatures="true">org.ohnlp.medkat.taes.conceptMapper.DictTerm</type>
<type allAnnotatorFeatures="true">org.ohnlp.medkat.taes.npMerger.NPCombinedAnnotation</type>
</inputs>
<outputs/>
<languagesSupported/>
</capability>
</capabilities>
<operationalProperties>
<modifiesCas>true</modifiesCas>
<multipleDeploymentAllowed>true</multipleDeploymentAllowed>
</operationalProperties>
</analysisEngineMetaData>
</taeDescription>
