<?xml version="1.0" encoding="UTF-8"?>
<taeDescription xmlns="http://uima.apache.org/resourceSpecifier">
  <frameworkImplementation>org.apache.uima.java</frameworkImplementation>
  <primitive>true</primitive>
  <annotatorImplementationName>org.ohnlp.medkat.taes.npMerger.NPMerger</annotatorImplementationName>
  <analysisEngineMetaData>
    <name>NPMerger</name>
    <description>For related NP annotations of different types produces a single annotation that includes all relevant pieces</description>
    <version/>
    <vendor/>
    <configurationParameters/>
    <configurationParameterSettings/>
    <typeSystemDescription>
      <imports>
      <!--Changed by Jo to build an executable jar with absolute paths - BEGIN-->
        <!--<import location="../../../../MedKAT_NLP/descriptors/type_system/SPTypes.xml"/>-->
        <import location="/opt/nlp/MedKAT_NLP/descriptors/type_system/SPTypes.xml"/>
       <!--Changed by Jo to build an executable jar with absolute paths - BEGIN-->
        <import name="org.ohnlp.medkat.taes.npMerger.NPCombinedAnnotation"/>
        <import name="org.ohnlp.medkat.taes.npMerger.NPConjunctedAnnotation"/>
      </imports>
    </typeSystemDescription>
    <capabilities>
      <capability>
        <inputs>
          <type allAnnotatorFeatures="true">uima.tt.NPPAnnotation</type>
          <type allAnnotatorFeatures="true">uima.tt.NPListAnnotation</type>
          <type allAnnotatorFeatures="true">uima.tt.NPAnnotation</type>
        </inputs>
        <outputs>
          <type allAnnotatorFeatures="true">org.ohnlp.medkat.taes.npMerger.NPCombinedAnnotation</type>
        </outputs>
        <languagesSupported/>
      </capability>
    </capabilities>
    <operationalProperties>
      <modifiesCas>true</modifiesCas>
      <multipleDeploymentAllowed>true</multipleDeploymentAllowed>
      <outputsNewCASes>false</outputsNewCASes>
    </operationalProperties>
  </analysisEngineMetaData>
</taeDescription>
