<?xml version="1.0" encoding="UTF-8"?>
<taeDescription xmlns="http://uima.apache.org/resourceSpecifier">
  <frameworkImplementation>org.apache.uima.java</frameworkImplementation>
  <primitive>true</primitive>
  <annotatorImplementationName>org.ohnlp.medkat.taes.textdocparser.subannots.ParenSentenceCombiner</annotatorImplementationName>
  <analysisEngineMetaData>
    <name>ParenSentenceCombiner</name>
    <description>This annotator combines any sentence annotations within parentheses into a single sentence. This is designed for use with Mayo pathology documents where short phrases,
which may include periods, are parenthesized. It combines them. It will not do  what you want if there are two actual sentences within the parentheses.</description>
    <version/>
    <vendor/>
    <configurationParameters>
      <configurationParameter>
        <name>SentenceType</name>
        <description>Type for sentnces to be combined</description>
        <type>String</type>
        <multiValued>false</multiValued>
        <mandatory>false</mandatory>
      </configurationParameter>
    </configurationParameters>
    <configurationParameterSettings>
      <nameValuePair>
        <name>SentenceType</name>
        <value>
          <string>uima.tt.SentenceAnnotation</string>
        </value>
      </nameValuePair>
    </configurationParameterSettings>
    <typeSystemDescription>
      <imports>
        <import name="org.ohnlp.medkat.taes.syntacticUnitFinder.SyntacticUnit"/>
      </imports>
    </typeSystemDescription>
    <capabilities>
      <capability>
        <inputs>
          <type allAnnotatorFeatures="true">org.ohnlp.medkat.taes.syntacticUnitFinder.SyntacticUnit</type>
        </inputs>
        <outputs/>
        <languagesSupported/>
      </capability>
    </capabilities>
    <operationalProperties>
      <modifiesCas>true</modifiesCas>
      <multipleDeploymentAllowed>true</multipleDeploymentAllowed>
      <outputsNewCASes>false</outputsNewCASes>
    </operationalProperties>
  </analysisEngineMetaData>
</taeDescription>
