<?xml version="1.0" encoding="UTF-8"?>
<taeDescription xmlns="http://uima.apache.org/resourceSpecifier">
  <frameworkImplementation>org.apache.uima.java</frameworkImplementation>
  <primitive>true</primitive>
  <annotatorImplementationName>org.ohnlp.medkat.taes.sectionFinder.SectionFinder</annotatorImplementationName>
  <analysisEngineMetaData>
    <name>SectionFinder</name>
    <description>Divide document into sections</description>
    <version/>
    <vendor/>
    <configurationParameters>
      <configurationParameter>
        <name>sectionHeadingStrings</name>
        <description>section heading strings which should be found</description>
        <type>String</type>
        <multiValued>true</multiValued>
        <mandatory>true</mandatory>
      </configurationParameter>
      <configurationParameter>
        <name>sectionAnnotations</name>
        <description>Name of annotations to be inserted</description>
        <type>String</type>
        <multiValued>true</multiValued>
        <mandatory>true</mandatory>
      </configurationParameter>
    </configurationParameters>
    <configurationParameterSettings>
      <nameValuePair>
        <name>sectionHeadingStrings</name>
        <value>
          <array>
            <string>FROZEN SECTION DIAGNOSIS:</string>
            <string>PERMANENT DIAGNOSIS:</string>
            <string>Clinical Diagnosis \T\ History:</string>
            <string>Clinical Diagnosis and History:</string>
            <string>DIAGNOSIS:</string>
            <string>Patient:</string>
            <string>Accession #:</string>
            <string>MRN:</string>
            <string>Service:</string>
            <string>Account:</string>
            <string>Account #:</string>
            <string>Date of Procedure:</string>
            <string>DOB:</string>
            <string>Date of Receipt:</string>
            <string>Date of Report:</string>
            <string>Physician:</string>
            <string>Patient Address:</string>
            <string>Specimens Submitted:</string>
            <string>Special Studies:</string>
            <string>Gross Description:</string>
            <string>Intraoperative Consultation:</string>
            <string>I ATTEST</string>
            <string>Summary of Sections:</string>
            <string>Summary of sections:</string>
            <string>summary of sections:</string>
            <string>Procedures/Addenda:</string>
            <string>Addendum Diagnosis</string>
            <string>Interoperative Consultation:</string>
            <string>Date of Collection/Procedure/Outside Report:</string>
            <string>Financial Number:</string>
            <string>Physician ID:</string>
            <string>FINAL DIAGNOSIS</string>
            <string>GROSS DESCRIPTION</string>
            <string>Clinical Diagnosis &amp;amp; History</string>
          </array>
        </value>
      </nameValuePair>
      <nameValuePair>
        <name>sectionAnnotations</name>
        <value>
          <array>
            <string>org.ohnlp.medkat.taes.sectionFinder.FrozenSectionDiagnosisAnnotation</string>
            <string>org.ohnlp.medkat.taes.sectionFinder.PermanentDiagnosisAnnotation</string>
            <string>org.ohnlp.medkat.taes.sectionFinder.ClinicalHistoryDiagnosisAnnotation</string>
            <string>org.ohnlp.medkat.taes.sectionFinder.ClinicalHistoryDiagnosisAnnotation</string>
            <string>org.ohnlp.medkat.taes.sectionFinder.DiagnosisAnnotation</string>
            <string>org.ohnlp.medkat.taes.sectionFinder.PatientAnnotation</string>
            <string>org.ohnlp.medkat.taes.sectionFinder.AccessionNumberAnnotation</string>
            <string>org.ohnlp.medkat.taes.sectionFinder.MRNSectionAnnotation</string>
            <string>org.ohnlp.medkat.taes.sectionFinder.ServiceAnnotation</string>
            <string>org.ohnlp.medkat.taes.sectionFinder.AccountNumberAnnotation</string>
            <string>org.ohnlp.medkat.taes.sectionFinder.AccountNumberAnnotation</string>
            <string>org.ohnlp.medkat.taes.sectionFinder.DateOfProcedureAnnotation</string>
            <string>org.ohnlp.medkat.taes.sectionFinder.DateOfBirthAnnotation</string>
            <string>org.ohnlp.medkat.taes.sectionFinder.DateOfReceiptAnnotation</string>
            <string>org.ohnlp.medkat.taes.sectionFinder.DateOfReportAnnotation</string>
            <string>org.ohnlp.medkat.taes.sectionFinder.PhysicianAnnotation</string>
            <string>org.ohnlp.medkat.taes.sectionFinder.PatientAddressAnnotation</string>
            <string>org.ohnlp.medkat.taes.sectionFinder.SpecimensSubmittedAnnotation</string>
            <string>org.ohnlp.medkat.taes.sectionFinder.SpecialStudiesAnnotation</string>
            <string>org.ohnlp.medkat.taes.sectionFinder.GrossDescriptionAnnotation</string>
            <string>org.ohnlp.medkat.taes.sectionFinder.IntraoperativeConsultationAnnotation</string>
            <string>org.ohnlp.medkat.taes.sectionFinder.IAttestAnnotation</string>
            <string>org.ohnlp.medkat.taes.sectionFinder.SummaryOfSectionsAnnotation</string>
            <string>org.ohnlp.medkat.taes.sectionFinder.SummaryOfSectionsAnnotation</string>
            <string>org.ohnlp.medkat.taes.sectionFinder.SummaryOfSectionsAnnotation</string>
            <string>org.ohnlp.medkat.taes.sectionFinder.ProceduresAddendaAnnotation</string>
            <string>org.ohnlp.medkat.taes.sectionFinder.AddendumDiagnosisAnnotation</string>
            <string>org.ohnlp.medkat.taes.sectionFinder.InteroperativeConsultationAnnotation</string>
            <string>org.ohnlp.medkat.taes.sectionFinder.DateOfCollection_Procedure_OutsideReportAnnotation</string>
            <string>org.ohnlp.medkat.taes.sectionFinder.FinancialNumberAnnotation</string>
            <string>org.ohnlp.medkat.taes.sectionFinder.SectionAnnotation</string>
            <string>org.ohnlp.medkat.taes.sectionFinder.DiagnosisAnnotation</string>
            <string>org.ohnlp.medkat.taes.sectionFinder.GrossDescriptionAnnotation</string>
            <string>org.ohnlp.medkat.taes.sectionFinder.ClinicalHistoryDiagnosisAnnotation</string>
          </array>
        </value>
      </nameValuePair>
    </configurationParameterSettings>
    <typeSystemDescription>
      <imports>
        <import name="org.ohnlp.medkat.taes.sectionFinder.SectionAnnotation"/>
        <import name="org.ohnlp.medkat.taes.sectionFinder.FrozenSectionDiagnosisAnnotation"/>
        <import name="org.ohnlp.medkat.taes.sectionFinder.PermanentDiagnosisAnnotation"/>
        <import name="org.ohnlp.medkat.taes.sectionFinder.ClinicalHistoryDiagnosisAnnotation"/>
        <import name="org.ohnlp.medkat.taes.sectionFinder.ClinicalHistoryDiagnosisAnnotation"/>
        <import name="org.ohnlp.medkat.taes.sectionFinder.DiagnosisAnnotation"/>
        <import name="org.ohnlp.medkat.taes.sectionFinder.PatientAnnotation"/>
        <import name="org.ohnlp.medkat.taes.sectionFinder.AccessionNumberAnnotation"/>
        <import name="org.ohnlp.medkat.taes.sectionFinder.MRNSectionAnnotation"/>
        <import name="org.ohnlp.medkat.taes.sectionFinder.ServiceAnnotation"/>
        <import name="org.ohnlp.medkat.taes.sectionFinder.AccountNumberAnnotation"/>
        <import name="org.ohnlp.medkat.taes.sectionFinder.AccountNumberAnnotation"/>
        <import name="org.ohnlp.medkat.taes.sectionFinder.DateOfProcedureAnnotation"/>
        <import name="org.ohnlp.medkat.taes.sectionFinder.DateOfBirthAnnotation"/>
        <import name="org.ohnlp.medkat.taes.sectionFinder.DateOfReceiptAnnotation"/>
        <import name="org.ohnlp.medkat.taes.sectionFinder.DateOfReportAnnotation"/>
        <import name="org.ohnlp.medkat.taes.sectionFinder.PhysicianAnnotation"/>
        <import name="org.ohnlp.medkat.taes.sectionFinder.PatientAddressAnnotation"/>
        <import name="org.ohnlp.medkat.taes.sectionFinder.SpecimensSubmittedAnnotation"/>
        <import name="org.ohnlp.medkat.taes.sectionFinder.SpecialStudiesAnnotation"/>
        <import name="org.ohnlp.medkat.taes.sectionFinder.GrossDescriptionAnnotation"/>
        <import name="org.ohnlp.medkat.taes.sectionFinder.IntraoperativeConsultationAnnotation"/>
        <import name="org.ohnlp.medkat.taes.sectionFinder.IAttestAnnotation"/>
        <import name="org.ohnlp.medkat.taes.sectionFinder.SummaryOfSectionsAnnotation"/>
        <import name="org.ohnlp.medkat.taes.sectionFinder.SummaryOfSectionsAnnotation"/>
        <import name="org.ohnlp.medkat.taes.sectionFinder.SummaryOfSectionsAnnotation"/>
        <import name="org.ohnlp.medkat.taes.sectionFinder.ProceduresAddendaAnnotation"/>
        <import name="org.ohnlp.medkat.taes.sectionFinder.AddendumDiagnosisAnnotation"/>
        <import name="org.ohnlp.medkat.taes.sectionFinder.InteroperativeConsultationAnnotation"/>
        <import name="org.ohnlp.medkat.taes.sectionFinder.DateOfCollection_Procedure_OutsideReportAnnotation"/>
        <import name="org.ohnlp.medkat.taes.sectionFinder.FinancialNumberAnnotation"/>
      </imports>
    </typeSystemDescription>
    <capabilities>
      <capability>
        <inputs/>
        <outputs>
          <type allAnnotatorFeatures="true">org.ohnlp.medkat.taes.sectionFinder.AccessionNumberAnnotation</type>
          <type allAnnotatorFeatures="true">org.ohnlp.medkat.taes.sectionFinder.AccessionNumberAnnotationMRNSectionAnnotation</type>
          <type allAnnotatorFeatures="true">org.ohnlp.medkat.taes.sectionFinder.AccountNumberAnnotation</type>
          <type allAnnotatorFeatures="true">org.ohnlp.medkat.taes.sectionFinder.AccountNumberAnnotationMRNSectionAnnotation</type>
          <type allAnnotatorFeatures="true">org.ohnlp.medkat.taes.sectionFinder.AddendumDiagnosisAnnotation</type>
          <type allAnnotatorFeatures="true">org.ohnlp.medkat.taes.sectionFinder.AddendumDiagnosisAnnotationMRNSectionAnnotation</type>
          <type allAnnotatorFeatures="true">org.ohnlp.medkat.taes.sectionFinder.AddressSectionAnnotation</type>
          <type allAnnotatorFeatures="true">org.ohnlp.medkat.taes.sectionFinder.ClinicalHistoryDiagnosisAnnotation</type>
          <type allAnnotatorFeatures="true">org.ohnlp.medkat.taes.sectionFinder.ClinicalHistoryDiagnosisAnnotationMRNSectionAnnotation</type>
          <type allAnnotatorFeatures="true">org.ohnlp.medkat.taes.sectionFinder.DateOfBirthAnnotation</type>
          <type allAnnotatorFeatures="true">org.ohnlp.medkat.taes.sectionFinder.DateOfBirthAnnotationMRNSectionAnnotation</type>
          <type allAnnotatorFeatures="true">org.ohnlp.medkat.taes.sectionFinder.DateOfCollection_Procedure_OutsideReportAnnotation</type>
          <type allAnnotatorFeatures="true">org.ohnlp.medkat.taes.sectionFinder.DateOfCollection_Procedure_OutsideReportAnnotationMRNSectionAnnotation</type>
          <type allAnnotatorFeatures="true">org.ohnlp.medkat.taes.sectionFinder.DateOfProcedureAnnotation</type>
          <type allAnnotatorFeatures="true">org.ohnlp.medkat.taes.sectionFinder.DateOfProcedureAnnotationMRNSectionAnnotation</type>
          <type allAnnotatorFeatures="true">org.ohnlp.medkat.taes.sectionFinder.DateOfReceiptAnnotation</type>
          <type allAnnotatorFeatures="true">org.ohnlp.medkat.taes.sectionFinder.DateOfReceiptAnnotationMRNSectionAnnotation</type>
          <type allAnnotatorFeatures="true">org.ohnlp.medkat.taes.sectionFinder.DateOfReportAnnotation</type>
          <type allAnnotatorFeatures="true">org.ohnlp.medkat.taes.sectionFinder.DateOfReportAnnotationMRNSectionAnnotation</type>
          <type allAnnotatorFeatures="true">org.ohnlp.medkat.taes.sectionFinder.DateSectionAnnotation</type>
          <type allAnnotatorFeatures="true">org.ohnlp.medkat.taes.sectionFinder.DiagnosisAnnotation</type>
          <type allAnnotatorFeatures="true">org.ohnlp.medkat.taes.sectionFinder.DiagnosisAnnotationMRNSectionAnnotation</type>
          <type allAnnotatorFeatures="true">org.ohnlp.medkat.taes.sectionFinder.FinancialNumberAnnotation</type>
          <type allAnnotatorFeatures="true">org.ohnlp.medkat.taes.sectionFinder.FinancialNumberAnnotationMRNSectionAnnotation</type>
          <type allAnnotatorFeatures="true">org.ohnlp.medkat.taes.sectionFinder.FrozenSectionDiagnosisAnnotation</type>
          <type allAnnotatorFeatures="true">org.ohnlp.medkat.taes.sectionFinder.FrozenSectionDiagnosisAnnotationMRNSectionAnnotation</type>
          <type allAnnotatorFeatures="true">org.ohnlp.medkat.taes.sectionFinder.GrossDescriptionAnnotation</type>
          <type allAnnotatorFeatures="true">org.ohnlp.medkat.taes.sectionFinder.GrossDescriptionAnnotationMRNSectionAnnotation</type>
          <type allAnnotatorFeatures="true">org.ohnlp.medkat.taes.sectionFinder.IAttestAnnotation</type>
          <type allAnnotatorFeatures="true">org.ohnlp.medkat.taes.sectionFinder.IAttestAnnotationMRNSectionAnnotation</type>
          <type allAnnotatorFeatures="true">org.ohnlp.medkat.taes.sectionFinder.InteroperativeConsultationAnnotation</type>
          <type allAnnotatorFeatures="true">org.ohnlp.medkat.taes.sectionFinder.InteroperativeConsultationAnnotationMRNSectionAnnotation</type>
          <type allAnnotatorFeatures="true">org.ohnlp.medkat.taes.sectionFinder.IntraoperativeConsultationAnnotation</type>
          <type allAnnotatorFeatures="true">org.ohnlp.medkat.taes.sectionFinder.IntraoperativeConsultationAnnotationMRNSectionAnnotation</type>
          <type allAnnotatorFeatures="true">org.ohnlp.medkat.taes.sectionFinder.MRNSectionAnnotation</type>
          <type allAnnotatorFeatures="true">org.ohnlp.medkat.taes.sectionFinder.MRNSectionAnnotationMRNSectionAnnotation</type>
          <type allAnnotatorFeatures="true">org.ohnlp.medkat.taes.sectionFinder.NumericSectionAnnotation</type>
          <type allAnnotatorFeatures="true">org.ohnlp.medkat.taes.sectionFinder.PatientAddressAnnotation</type>
          <type allAnnotatorFeatures="true">org.ohnlp.medkat.taes.sectionFinder.PatientAddressAnnotationMRNSectionAnnotation</type>
          <type allAnnotatorFeatures="true">org.ohnlp.medkat.taes.sectionFinder.PatientAnnotation</type>
          <type allAnnotatorFeatures="true">org.ohnlp.medkat.taes.sectionFinder.PatientAnnotationMRNSectionAnnotation</type>
          <type allAnnotatorFeatures="true">org.ohnlp.medkat.taes.sectionFinder.PermanentDiagnosisAnnotation</type>
          <type allAnnotatorFeatures="true">org.ohnlp.medkat.taes.sectionFinder.PermanentDiagnosisAnnotationMRNSectionAnnotation</type>
          <type allAnnotatorFeatures="true">org.ohnlp.medkat.taes.sectionFinder.PhysicianAnnotation</type>
          <type allAnnotatorFeatures="true">org.ohnlp.medkat.taes.sectionFinder.PhysicianAnnotationMRNSectionAnnotation</type>
          <type allAnnotatorFeatures="true">org.ohnlp.medkat.taes.sectionFinder.ProceduresAddendaAnnotation</type>
          <type allAnnotatorFeatures="true">org.ohnlp.medkat.taes.sectionFinder.ProceduresAddendaAnnotationMRNSectionAnnotation</type>
          <type allAnnotatorFeatures="true">org.ohnlp.medkat.taes.sectionFinder.SectionAnnotation</type>
          <type allAnnotatorFeatures="true">org.ohnlp.medkat.taes.sectionFinder.ServiceAnnotation</type>
          <type allAnnotatorFeatures="true">org.ohnlp.medkat.taes.sectionFinder.ServiceAnnotationMRNSectionAnnotation</type>
          <type allAnnotatorFeatures="true">org.ohnlp.medkat.taes.sectionFinder.SpecialStudiesAnnotation</type>
          <type allAnnotatorFeatures="true">org.ohnlp.medkat.taes.sectionFinder.SpecialStudiesAnnotationMRNSectionAnnotation</type>
          <type allAnnotatorFeatures="true">org.ohnlp.medkat.taes.sectionFinder.SpecimensSubmittedAnnotation</type>
          <type allAnnotatorFeatures="true">org.ohnlp.medkat.taes.sectionFinder.SpecimensSubmittedAnnotationMRNSectionAnnotation</type>
          <type allAnnotatorFeatures="true">org.ohnlp.medkat.taes.sectionFinder.SummaryOfSectionsAnnotation</type>
          <type allAnnotatorFeatures="true">org.ohnlp.medkat.taes.sectionFinder.SummaryOfSectionsAnnotationMRNSectionAnnotation</type>
          <type allAnnotatorFeatures="true">org.ohnlp.medkat.taes.sectionFinder.TextSectionAnnotation</type>
        </outputs>
        <languagesSupported/>
      </capability>
    </capabilities>
    <operationalProperties>
      <modifiesCas>true</modifiesCas>
      <multipleDeploymentAllowed>true</multipleDeploymentAllowed>
      <outputsNewCASes>false</outputsNewCASes>
    </operationalProperties>
  </analysisEngineMetaData>
</taeDescription>
