<?xml version="1.0" encoding="UTF-8"?>
<analysisEngineDescription xmlns="http://uima.apache.org/resourceSpecifier">
  <frameworkImplementation>org.apache.uima.java</frameworkImplementation>
  <primitive>true</primitive>
  <annotatorImplementationName>org.ohnlp.medkat.taes.syntacticUnitFinder.SentenceShortener</annotatorImplementationName>
  <analysisEngineMetaData>
    <name>SentenceShortener</name>
    <description>Shortens sentences ending with a blank.</description>
    <version>1.0</version>
    <vendor/>
    <configurationParameters>
      <configurationParameter>
        <name>SentenceType</name>
        <description>A type of annotations that specify sentences</description>
        <type>String</type>
        <multiValued>false</multiValued>
        <mandatory>true</mandatory>
      </configurationParameter>
    </configurationParameters>
    <configurationParameterSettings>
      <nameValuePair>
        <name>SentenceType</name>
        <value>
          <string>uima.tt.SentenceAnnotation</string>
        </value>
      </nameValuePair>
    </configurationParameterSettings>
    <typeSystemDescription/>
    <typePriorities/>
    <fsIndexCollection/>
    <capabilities>
      <capability>
        <inputs>
          <type allAnnotatorFeatures="true">uima.tt.SentenceAnnotation</type>
        </inputs>
        <outputs>
          <type allAnnotatorFeatures="true">uima.tt.SentenceAnnotation</type>
        </outputs>
        <languagesSupported/>
      </capability>
    </capabilities>
    <operationalProperties>
      <modifiesCas>true</modifiesCas>
      <multipleDeploymentAllowed>true</multipleDeploymentAllowed>
      <outputsNewCASes>false</outputsNewCASes>
    </operationalProperties>
  </analysisEngineMetaData>
  <resourceManagerConfiguration/>
</analysisEngineDescription>
