<?xml version="1.0" encoding="UTF-8"?>
<taeDescription xmlns="http://uima.apache.org/resourceSpecifier">
  <frameworkImplementation>org.apache.uima.java</frameworkImplementation>
  <primitive>true</primitive>
  <annotatorImplementationName>org.ohnlp.medkat.taes.coreferencer.SiteCoreferencer</annotatorImplementationName>
  <analysisEngineMetaData>
    <name>SiteCoreferencer</name>
    <configurationParameters>
      <configurationParameter>
        <name>SectionAnnotations</name>
        <type>String</type>
        <multiValued>true</multiValued>
        <mandatory>true</mandatory>
      </configurationParameter>
      <configurationParameter>
        <name>ExcludedSubSubsections</name>
        <type>String</type>
        <multiValued>true</multiValued>
        <mandatory>false</mandatory>
      </configurationParameter>
      <configurationParameter>
        <name>ConstrainingAnnotations</name>
        <type>String</type>
        <multiValued>true</multiValued>
        <mandatory>false</mandatory>
      </configurationParameter>
      <configurationParameter>
        <name>ConstrainingAnnotationFeatures</name>
        <type>String</type>
        <multiValued>true</multiValued>
        <mandatory>false</mandatory>
      </configurationParameter>
      <configurationParameter>
        <name>AnnotatorName</name>
        <type>String</type>
        <multiValued>false</multiValued>
        <mandatory>false</mandatory>
      </configurationParameter>
      <configurationParameter>
        <name>GenericTermCodes</name>
        <type>String</type>
        <multiValued>true</multiValued>
        <mandatory>false</mandatory>
      </configurationParameter>
      <configurationParameter>
        <name>OnlyProcessContentSection</name>
        <type>Boolean</type>
        <multiValued>false</multiValued>
        <mandatory>false</mandatory>
      </configurationParameter>
      <configurationParameter>
        <name>SemClass</name>
        <type>String</type>
        <multiValued>false</multiValued>
        <mandatory>true</mandatory>
      </configurationParameter>
      <configurationParameter>
        <name>NewAnnotationName</name>
        <type>String</type>
        <multiValued>false</multiValued>
        <mandatory>true</mandatory>
      </configurationParameter>
      <configurationParameter>
        <name>NewAnnotationFeatureName</name>
        <type>String</type>
        <multiValued>false</multiValued>
        <mandatory>true</mandatory>
      </configurationParameter>
      <configurationParameter>
        <name>NewAnnotationSectionNumberFeatureName</name>
        <type>String</type>
        <multiValued>false</multiValued>
        <mandatory>true</mandatory>
      </configurationParameter>
    </configurationParameters>
    <configurationParameterSettings>
      <nameValuePair>
        <name>SectionAnnotations</name>
        <value>
          <array>
            <string>org.ohnlp.medkat.taes.sectionFinder.DiagnosisAnnotation</string>
            <string>org.ohnlp.medkat.taes.sectionFinder.GrossDescriptionAnnotation</string>
            <string>org.ohnlp.medkat.taes.sectionFinder.SpecimensSubmittedAnnotation</string>
            <string>org.ohnlp.medkat.taes.sectionFinder.FrozenSectionDiagnosisAnnotation</string>
            <string>org.ohnlp.medkat.taes.sectionFinder.ClinicalHistoryDiagnosisAnnotation</string>
          </array>
        </value>
      </nameValuePair>
      <nameValuePair>
        <name>ExcludedSubSubsections</name>
        <value>
          <array>
            <string>org.ohnlp.medkat.taes.subSubsectionDetector.NotesSubSubsection</string>
          </array>
        </value>
      </nameValuePair>
      <nameValuePair>
        <name>AnnotatorName</name>
        <value>
          <string>SiteCoreferencer</string>
        </value>
      </nameValuePair>
      <nameValuePair>
        <name>GenericTermCodes</name>
        <value>
          <array/>
        </value>
      </nameValuePair>
      <nameValuePair>
        <name>OnlyProcessContentSection</name>
        <value>
          <boolean>false</boolean>
        </value>
      </nameValuePair>
      <nameValuePair>
        <name>SemClass</name>
        <value>
          <string>Site</string>
        </value>
      </nameValuePair>
      <nameValuePair>
        <name>NewAnnotationFeatureName</name>
        <value>
          <string>elements</string>
        </value>
      </nameValuePair>
      <nameValuePair>
        <name>NewAnnotationName</name>
        <value>
          <string>org.ohnlp.medkat.taes.coreferencer.CoreferringSites</string>
        </value>
      </nameValuePair>
      <nameValuePair>
        <name>NewAnnotationSectionNumberFeatureName</name>
        <value>
          <string>subsectionNumber</string>
        </value>
      </nameValuePair>
    </configurationParameterSettings>
    <typeSystemDescription>
      <imports>
        <import name="org.ohnlp.medkat.taes.conceptMapper.DictTerm"/>
        <import name="org.ohnlp.medkat.taes.subsectionDetector.SubHeading"/>
        <import name="org.ohnlp.medkat.taes.coreferencer.CoreferringSites"/>
      </imports>
    </typeSystemDescription>
    <capabilities>
      <capability>
        <inputs>
          <type allAnnotatorFeatures="true">org.ohnlp.medkat.taes.subsectionDetector.SubHeading</type>
          <type allAnnotatorFeatures="true">org.ohnlp.medkat.taes.conceptMapper.DictTerm</type>
        </inputs>
        <outputs>
          <type allAnnotatorFeatures="true">org.ohnlp.medkat.taes.coreferencer.CoreferringSites</type>
        </outputs>
        <languagesSupported/>
      </capability>
    </capabilities>
    <operationalProperties>
      <modifiesCas>true</modifiesCas>
      <multipleDeploymentAllowed>true</multipleDeploymentAllowed>
      <outputsNewCASes>false</outputsNewCASes>
    </operationalProperties>
  </analysisEngineMetaData>
</taeDescription>
