<?xml version="1.0" encoding="UTF-8"?>
<taeDescription xmlns="http://uima.apache.org/resourceSpecifier">
  <frameworkImplementation>org.apache.uima.java</frameworkImplementation>
  <primitive>true</primitive>
  <annotatorImplementationName>org.ohnlp.medkat.taes.subSubsectionDetector.SubSubsectionDetector</annotatorImplementationName>
  <analysisEngineMetaData>
    <name>SubSubsectionDetector</name>
    <description/>
    <version>1.0</version>
    <vendor>IBM</vendor>
    <configurationParameters>
      <configurationParameter>
        <name>subSubSectionAnnotations</name>
        <type>String</type>
        <multiValued>true</multiValued>
        <mandatory>true</mandatory>
      </configurationParameter>
      <configurationParameter>
        <name>subSubSectionAnnotationLabels</name>
        <description>Case insensitive regex</description>
        <type>String</type>
        <multiValued>true</multiValued>
        <mandatory>true</mandatory>
      </configurationParameter>
      <configurationParameter>
        <name>PrimarySectionAnnotations</name>
        <type>String</type>
        <multiValued>true</multiValued>
        <mandatory>true</mandatory>
      </configurationParameter>
      <configurationParameter>
        <name>SecondarySectionAnnotations</name>
        <type>String</type>
        <multiValued>true</multiValued>
        <mandatory>false</mandatory>
      </configurationParameter>
      <configurationParameter>
        <name>subSubSectionConcepts</name>
        <description>concept (e.g., from conceptMapper dictionary) that may be used to describe this subsubsection (e.g., "HistologicGrade").  This is used only when there may be some need to relate a subsubsection to a particular dictionary concept for further processing.</description>
        <type>String</type>
        <multiValued>true</multiValued>
        <mandatory>true</mandatory>
      </configurationParameter>
    </configurationParameters>
    <configurationParameterSettings>
      <nameValuePair>
        <name>subSubSectionAnnotations</name>
        <value>
          <array>
            <string>org.ohnlp.medkat.taes.subSubsectionDetector.NotesSubSubsection</string>
            <string>org.ohnlp.medkat.taes.subSubsectionDetector.NotesSubSubsection</string>
            <string>org.ohnlp.medkat.taes.subSubsectionDetector.NotesSubSubsection</string>
          </array>
        </value>
      </nameValuePair>
      <nameValuePair>
        <name>subSubSectionAnnotationLabels</name>
        <value>
          <array>
            <string>Comment:</string>
            <string>NOTES:</string>
            <string>NOTE:</string>
          </array>
        </value>
      </nameValuePair>
      <nameValuePair>
        <name>PrimarySectionAnnotations</name>
        <value>
          <array>
            <string>org.ohnlp.medkat.taes.sectionFinder.DiagnosisAnnotation</string>
            <string>org.ohnlp.medkat.taes.sectionFinder.GrossDescriptionAnnotation</string>
          </array>
        </value>
      </nameValuePair>
      <nameValuePair>
        <name>subSubSectionConcepts</name>
        <value>
          <array>
            <string/>
            <string/>
            <string/>
          </array>
        </value>
      </nameValuePair>
    </configurationParameterSettings>
    <typeSystemDescription>
      <imports>
        <import name="org.ohnlp.medkat.taes.subsectionDetector.SubHeading"/>
        <import name="org.ohnlp.medkat.taes.subSubsectionDetector.NotesSubSubsection"/>
        <import name="org.ohnlp.medkat.taes.subSubsectionDetector.SubSubsection"/>
        <import name="org.ohnlp.medkat.taes.subSubsectionDetector.UnprocessedSubSubsection"/>
      </imports>
    </typeSystemDescription>
    <capabilities>
      <capability>
        <inputs>
          <type allAnnotatorFeatures="true">org.ohnlp.medkat.taes.subsectionDetector.SubHeading</type>
        </inputs>
        <outputs>
          <type allAnnotatorFeatures="true">org.ohnlp.medkat.taes.subSubsectionDetector.SubSubsection</type>
          <type allAnnotatorFeatures="true">org.ohnlp.medkat.taes.subSubsectionDetector.NotesSubSubsection</type>
          <type allAnnotatorFeatures="true">org.ohnlp.medkat.taes.subSubsectionDetector.UnprocessedSubSubsection</type>
        </outputs>
        <languagesSupported/>
      </capability>
    </capabilities>
    <operationalProperties>
      <modifiesCas>true</modifiesCas>
      <multipleDeploymentAllowed>true</multipleDeploymentAllowed>
      <outputsNewCASes>false</outputsNewCASes>
    </operationalProperties>
  </analysisEngineMetaData>
</taeDescription>
