<?xml version="1.0" encoding="UTF-8"?>
<taeDescription xmlns="http://uima.apache.org/resourceSpecifier">
  <frameworkImplementation>org.apache.uima.java</frameworkImplementation>
  <primitive>true</primitive>
  <annotatorImplementationName>org.ohnlp.medkat.taes.syntacticUnitFinder.SyntacticUnitFinder</annotatorImplementationName>
  <analysisEngineMetaData>
    <name>syntacticUnitFinder</name>
    <version>1.0</version>
    <configurationParameters>
      <configurationParameter>
        <name>TokenAnnotation</name>
        <description>type name of token annotation</description>
        <type>String</type>
        <multiValued>false</multiValued>
        <mandatory>true</mandatory>
      </configurationParameter>
      <configurationParameter>
        <name>DataBlockFeatureStructure</name>
        <description>feature structure used to delimit blocks of data (e.g. a sentence)</description>
        <type>String</type>
        <multiValued>false</multiValued>
        <mandatory>true</mandatory>
      </configurationParameter>
    </configurationParameters>
    <configurationParameterSettings>
      <nameValuePair>
        <name>TokenAnnotation</name>
        <value>
          <string>uima.tt.TokenAnnotation</string>
        </value>
      </nameValuePair>
      <nameValuePair>
        <name>DataBlockFeatureStructure</name>
        <value>
          <string>uima.tt.SentenceAnnotation</string>
        </value>
      </nameValuePair>
    </configurationParameterSettings>
    <typeSystemDescription>
      <imports>
      <!--changed by Jo to build an executable jar with absolute paths - BEGIN-->
        <!--<import location="../../../../MedKAT_NLP/descriptors/type_system/NLPTypes.xml"/>-->
        <import location="/opt/nlp/MedKAT_NLP/descriptors/type_system/NLPTypes.xml"/>
        <!--changed by Jo to build an executable jar with absolute paths - END-->
        <import name="org.ohnlp.medkat.taes.syntacticUnitFinder.SyntacticUnit"/>
      </imports>
    </typeSystemDescription>
    <capabilities>
      <capability>
        <inputs>
          <type allAnnotatorFeatures="true">uima.tt.TokenAnnotation</type>
          <type allAnnotatorFeatures="true">uima.tt.SentenceAnnotation</type>
        </inputs>
        <outputs>
          <type allAnnotatorFeatures="true">org.ohnlp.medkat.taes.syntacticUnitFinder.SyntacticUnit</type>
        </outputs>
        <languagesSupported>
          <language>en</language>
        </languagesSupported>
      </capability>
    </capabilities>
    <operationalProperties>
      <modifiesCas>true</modifiesCas>
      <multipleDeploymentAllowed>true</multipleDeploymentAllowed>
      <outputsNewCASes>false</outputsNewCASes>
    </operationalProperties>
  </analysisEngineMetaData>
</taeDescription>
